{"properties": [
  {
    "name": "Authorization.URL",
    "type": "java.lang.String",
    "description": "A description for 'Authorization.URL'"
  },
  {
    "name": "Policy.URL",
    "type": "java.lang.String",
    "description": "A description for 'Policy.URL'"
  },
  {
    "name": "Policy.URL",
    "type": "java.lang.String",
    "description": "A description for 'Policy.URL'"
  },
  {
    "name": "Policy.URL",
    "type": "java.lang.String",
    "description": "A description for 'Policy.URL'"
  },
  {
    "name": "Policy.URL",
    "type": "java.lang.String",
    "description": "A description for 'Policy.URL'"
  },
  {
    "name": "Policy.URL",
    "type": "java.lang.String",
    "description": "A description for 'Policy.URL'"
  },
  {
    "name": "Authorization.URL",
    "type": "java.lang.String",
    "description": "A description for 'Authorization.URL'"
  },
  {
    "name": "Authorization.URL",
    "type": "java.lang.String",
    "description": "A description for 'Authorization.URL'"
  },
  {
    "name": "Authorization.URL",
    "type": "java.lang.String",
    "description": "A description for 'Authorization.URL'"
  }
]}